Story ID,Rate Card Type,User Story,UI Behavior,Backend/System Behavior,Acceptance Criteria,Notes
DP-001,MRC,"As a user, I want to start an MRC update from an existing rate card so that I can preserve the current pricing structure while applying new changes.",The user can select an existing MRC and choose Clone or Create New Version.,The system creates a working copy of the selected rate card and preserves the original version.,The original MRC remains unchanged and the new version has its own identifier or version number.,
DP-002,MRC,"As a user, I want to review MRC pricing by product, weight, zone, tier, and geography so that I can understand the recommended changes.","The UI provides table and pivot-style views, with navigation for applicable tiers and geographies.",The application retrieves the appropriate rate-card rows and supporting pricing information from the prepared data store.,"The user can view the affected pricing rows and identify the applicable product, weight, zone, tier, and geography.",
DP-003,MRC,"As a user, I want to use plain language to request targeted MRC changes so that I can update groups of cells without editing them individually.","The user can enter an instruction to change rates for selected zones, products, weights, or geographies. The user can request either a flat amount change or a percentage change.",The AI agent interprets the request and creates a proposed set of changes for the selected MRC.,"The proposed changes are limited to the requested scope and are shown before they are applied. For example, the user can request, 'Increase Zones 5 through 8 by $0.25 for packages between 1 and 3 pounds,' or 'Increase all Zone 6 rates by 5 percent.'",
DP-004,MRC,"As a user, I want the system to ask clarifying questions when my MRC request is unclear so that the wrong rates are not changed.","The UI displays questions when the request does not identify a complete scope, such as the product, zone, weight range, or geography.",The system does not apply changes until the request has enough information to identify the affected rows.,The user can provide clarification and receive an updated change preview.,
DP-005,MRC,"As a user, I want MRC changes to respect pricing limits so that a recommended or manually requested price does not violate established rules.",The UI explains when a requested change exceeds an applicable limit and prevents or requires clarification before continuing.,"The system checks the proposed price against applicable published-rate and price-floor rules. For MRC pricing, the published rate is the ceiling for the applicable product, weight, zone, or other rate-card cell. MRC prices should not exceed the applicable published rate and should not fall below an applicable price floor.","The system does not apply an MRC change that violates an applicable price floor or ceiling. If a requested change would exceed the published rate or fall below the price floor, the user receives an explanation and must revise or clarify the request.",
DP-006,MRC,"As a user, I want to review and approve only the impacted MRC rows as a group so that I can confirm the changes without reviewing every unchanged cell.","The UI displays only the impacted rows. The UI provides clear actions to Approve, Reject, or Revise the proposed changes.",The system stores the impacted rows as a reviewable change set and does not require unchanged rows to be reviewed individually.,"The user can review only the impacted rows. The UI provides Approve, Reject, and Revise actions. Approve requires the user to enter a valid future effective date and confirm that the approved rates will be sent to Panorama. Reject discards the proposed changes. Revise returns the user to the editing process. No changes are sent to Panorama until approval is completed.",
DP-007,MRC,"As a user, I want approved MRC changes to be sent to Panorama so that the new merchant prices can be used by the appropriate pricing systems.",The UI changes the MRC status to Approved or Ready to Send after approval and indicates that the rates are being sent to Panorama.,The system creates an approved MRC output and places it in the outbound processing area for transmission to Panorama.,"Only approved MRC versions are sent to Panorama. The transmission includes the approved rate-card version, effective date, customer, contract, and impacted pricing rows. The system records whether Panorama accepted or rejected the update.",
DP-008,PRC,"As a user, I want the system to create the applicable platform rate cards from an approved MRC so that I do not have to manually create separate rate cards for every platform.",The UI indicates that approval of the MRC completes the user-facing portion of the process. The UI does not display PRC creation or commission recalculation status after approval.,"The system uses the approved MRC and the applicable commission information from Panorama to create or update PRCs. PRCs that are exempt, excluded, or otherwise designated as disregarded are not created or updated.",The resulting PRCs are linked to the source MRC. Applicable PRCs are created for the appropriate platforms and products. PRCs designated as disregarded are excluded from processing and identified in the backend record.,
DP-009,PRC,"As a user, I want the system to use commission information stored in Panorama so that each platform rate card reflects the correct platform agreement.",The UI does not display the commission information retrieval or recalculation activity after the MRC is approved.,The system retrieves the applicable commission information from Panorama and uses it to recalculate the platform pricing.,"The calculation uses the correct customer, platform, contract, commission information, and MRC version. The calculation is performed entirely in the backend.",New PRC Rate Cell Price = New MRC Rate Cell Price ? (New MRC Rate Cell Price × Commission Percentage)
DP-010,PRC,"As a user, I want platform commissions to be recalculated automatically after an approved MRC update so that platform pricing stays aligned with the updated merchant prices.",The UI does not display the commission recalculation status or require the user to review the generated PRCs after the MRC is approved.,"The system identifies affected platforms, retrieves commission information from Panorama, recalculates applicable PRC values, and identifies PRCs that must be disregarded based on configured rules.","Every applicable PRC receives a recalculated result or a clearly identified backend exception. PRCs that are designated to be disregarded are recorded and excluded from the recalculation or publication process. The calculation uses the correct customer, platform, contract, commission information, and MRC version.",
DP-011,PRC,"As a user, I want the system to create the required platform rate-card versions after recalculating commissions so that Panorama receives complete and accurate platform pricing data.",The UI does not display the generated PRC versions or their processing status after the MRC is approved.,The system creates the applicable platform rate-card outputs using the recalculated platform values and prepares them for transmission to Panorama.,"Each applicable PRC identifies the source MRC, platform, customer or contract, effective date, and calculation version. Disregarded PRCs are excluded. The approved PRC outputs are sent to Panorama.",
DP-012,PRC,"As a user, I want platform-rate exceptions and disregarded PRCs to be handled automatically so that unusual customer or commission arrangements do not produce incorrect platform pricing.","The UI does not display discarded or disregarded PRC versions, commission exceptions, or backend PRC processing results after the MRC is approved.","The system identifies missing commission information, unsupported customer arrangements, calculation differences, and other special cases. It stops or excludes affected PRCs from processing and records the reason in the backend.","Disregarded PRCs are not created, sent to Panorama, or presented as available rate-card versions. The backend records the affected customer or platform, source MRC, reason for being disregarded, and processing status.",
DP-013,TLPC,"As a user, I want to start a TLPC update from the applicable customer contract rate card so that the temporary change is based on the correct contract pricing.","The UI allows the user to select the applicable customer, contract, product, and base rate template.",The system retrieves the customer's official pre-TLPC contract pricing from the applicable template or Panorama data.,"The TLPC update is linked to the correct customer, contract, base pricing template, and effective period.",
DP-014,TLPC,"As a user, I want to apply a TLPC increase to a selected group of products, weights, zones, tiers, or geographies so that I can make targeted changes without editing every cell.","The UI supports selecting or describing a specific range, such as selected products, weights, zones, or tiers.",The system applies the requested adjustment only to the selected rate-card rows.,Rows outside the requested scope remain unchanged.,
DP-015,TLPC,"As a user, I want to apply a percentage or fixed adjustment to a group of TLPC rates so that I can process negotiated changes efficiently.","The UI allows the user to specify an adjustment type, such as a percentage or fixed amount, and the affected range.",The system calculates the adjusted values for the selected rows and creates a preview.,"The preview clearly shows the original value, adjustment, and resulting value for each affected group.",
DP-016,TLPC,"As a user, I want a TLPC to have a defined start and end date so that the temporary pricing automatically applies only during the approved period.",The UI requires an effective start date and may require an end date for the TLPC.,The system stores the TLPC period and associates it with the applicable contract and rate-card version.,"The TLPC is active only during the approved period. The system applies the appropriate contract pricing after the TLPC period ends, according to the applicable contract rules.",
DP-017,TLPC,"As a user, I want to review a complete TLPC change preview before approval so that I can confirm that the negotiated adjustment was applied correctly.",The UI displays affected rows and final TLPC value.,The system creates a reviewable calculation result before updating the rate card.,"The user can approve, reject, or revise the TLPC change before it is published.",
DP-018,TLPC,"As a user, I want approved TLPC rates to be sent to Panorama so that Panorama and related pricing systems use the approved temporary rates.",The UI allows the user to approve the TLPC update but does not display post-approval publication status or transmission results.,The system creates an approved TLPC output and makes it available for transmission to Panorama.,"The approved TLPC rate card is sent to Panorama with the customer, contract, effective period, and version information. The system records whether Panorama accepted or rejected the update in the backend.",
DP-019,All Rate Card Types,"As a user, I want the system to clearly identify whether I am working with an MRC or TLPC so that I understand the rules and workflow that apply.","The UI displays the rate-card type, workflow status, effective dates, and available actions.",The system applies the correct processing rules based on the rate-card type.,The user cannot accidentally process an MRC or TLPC using the wrong workflow.,
DP-020,All Rate Card Types,"As a user, I want rate-card updates to be protected from conflicting edits so that another user does not overwrite my work.",The UI shows when a rate card is being reviewed or locked and informs the user when another person has an active edit session.,The system temporarily locks the working rate card or detects conflicting versions before saving changes.,Conflicting changes are prevented or presented to the user for resolution.,
DP-021,All Rate Card Types,"As a user, I want to approve a rate-card update and understand that it will be processed by Panorama so that I know when my user-facing work is complete.","The UI displays the rate-card type, effective date, and approval confirmation before the user submits the update. After approval, the UI does not display downstream processing statuses, commission recalculation results, or Panorama transmission results.","The backend updates the rate-card status and continues the integration process through outbound processing and Panorama. Any downstream status, commission recalculation, exception, or transmission result is maintained in the backend.","The user must provide the required effective date and confirm approval. After approval, the backend continues processing without requiring additional UI action. Downstream processing results are recorded in the backend.",
